{
  "frequency": {
    "precision": 0.8439716312056738,
    "recall": 0.8321678321678322,
    "f1-score": 0.8380281690140846,
    "support": 143
  },
  "micro avg": {
    "precision": 0.8439716312056738,
    "recall": 0.8321678321678322,
    "f1-score": 0.8380281690140846,
    "support": 143
  },
  "macro avg": {
    "precision": 0.8439716312056738,
    "recall": 0.8321678321678322,
    "f1-score": 0.8380281690140846,
    "support": 143
  },
  "weighted avg": {
    "precision": 0.8439716312056738,
    "recall": 0.8321678321678322,
    "f1-score": 0.8380281690140846,
    "support": 143
  }
}