{
  "frequency": {
    "precision": 0.8333333333333334,
    "recall": 0.7868020304568528,
    "f1-score": 0.8093994778067884,
    "support": 197
  },
  "micro avg": {
    "precision": 0.8333333333333334,
    "recall": 0.7868020304568528,
    "f1-score": 0.8093994778067884,
    "support": 197
  },
  "macro avg": {
    "precision": 0.8333333333333334,
    "recall": 0.7868020304568528,
    "f1-score": 0.8093994778067884,
    "support": 197
  },
  "weighted avg": {
    "precision": 0.8333333333333335,
    "recall": 0.7868020304568528,
    "f1-score": 0.8093994778067886,
    "support": 197
  }
}