{
  "affirm": {
    "precision": 1.0,
    "recall": 0.8,
    "f1-score": 0.888888888888889,
    "support": 15,
    "confused_with": {
      "answer_question": 2,
      "deny": 1
    }
  },
  "deny": {
    "precision": 0.75,
    "recall": 0.6,
    "f1-score": 0.6666666666666665,
    "support": 5,
    "confused_with": {
      "rephrase": 1,
      "answer_question": 1
    }
  },
  "answer_question": {
    "precision": 0.9702970297029703,
    "recall": 1.0,
    "f1-score": 0.9849246231155778,
    "support": 98,
    "confused_with": {}
  },
  "rephrase": {
    "precision": 0.9230769230769231,
    "recall": 1.0,
    "f1-score": 0.9600000000000001,
    "support": 12,
    "confused_with": {}
  },
  "accuracy": 0.9615384615384616,
  "macro avg": {
    "precision": 0.9108434881949734,
    "recall": 0.85,
    "f1-score": 0.8751200446677833,
    "support": 130
  },
  "weighted avg": {
    "precision": 0.9608925537524167,
    "recall": 0.9615384615384616,
    "f1-score": 0.9593021517845638,
    "support": 130
  }
}