{
  "rephrase": {
    "precision": 0.8571428571428571,
    "recall": 1.0,
    "f1-score": 0.923076923076923,
    "support": 12,
    "confused_with": {}
  },
  "deny": {
    "precision": 1.0,
    "recall": 0.6,
    "f1-score": 0.7499999999999999,
    "support": 5,
    "confused_with": {
      "rephrase": 1,
      "answer_question": 1
    }
  },
  "affirm": {
    "precision": 1.0,
    "recall": 0.6153846153846154,
    "f1-score": 0.761904761904762,
    "support": 13,
    "confused_with": {
      "answer_question": 5
    }
  },
  "answer_question": {
    "precision": 0.92,
    "recall": 0.9857142857142858,
    "f1-score": 0.9517241379310346,
    "support": 70,
    "confused_with": {
      "rephrase": 1
    }
  },
  "accuracy": 0.92,
  "macro avg": {
    "precision": 0.9442857142857143,
    "recall": 0.8002747252747253,
    "f1-score": 0.8466764557281798,
    "support": 100
  },
  "weighted avg": {
    "precision": 0.9268571428571428,
    "recall": 0.92,
    "f1-score": 0.913523746368574,
    "support": 100
  }
}