{
  "affirm": {
    "precision": 1.0,
    "recall": 0.5384615384615384,
    "f1-score": 0.7000000000000001,
    "support": 13,
    "confused_with": {
      "medium": 3,
      "medium-high": 2
    }
  },
  "low": {
    "precision": 0.6666666666666666,
    "recall": 0.6,
    "f1-score": 0.631578947368421,
    "support": 10,
    "confused_with": {
      "low-medium": 2,
      "high": 1
    }
  },
  "low-medium": {
    "precision": 0.5454545454545454,
    "recall": 0.75,
    "f1-score": 0.631578947368421,
    "support": 8,
    "confused_with": {
      "medium": 1,
      "low": 1
    }
  },
  "high": {
    "precision": 0.6666666666666666,
    "recall": 0.36363636363636365,
    "f1-score": 0.4705882352941177,
    "support": 11,
    "confused_with": {
      "medium-high": 5,
      "medium": 1
    }
  },
  "deny": {
    "precision": 0.75,
    "recall": 0.6,
    "f1-score": 0.6666666666666665,
    "support": 5,
    "confused_with": {
      "rephrase": 1,
      "low": 1
    }
  },
  "rephrase": {
    "precision": 0.8571428571428571,
    "recall": 1.0,
    "f1-score": 0.923076923076923,
    "support": 12,
    "confused_with": {}
  },
  "medium": {
    "precision": 0.5384615384615384,
    "recall": 0.7,
    "f1-score": 0.608695652173913,
    "support": 10,
    "confused_with": {
      "low-medium": 2,
      "medium-high": 1
    }
  },
  "medium-high": {
    "precision": 0.4666666666666667,
    "recall": 0.7,
    "f1-score": 0.56,
    "support": 10,
    "confused_with": {
      "rephrase": 1,
      "medium": 1
    }
  },
  "accuracy": 0.6582278481012658,
  "macro avg": {
    "precision": 0.6863823676323676,
    "recall": 0.6565122377622378,
    "f1-score": 0.6490231714935577,
    "support": 79
  },
  "weighted avg": {
    "precision": 0.7019067430459834,
    "recall": 0.6582278481012658,
    "f1-score": 0.6549633490235749,
    "support": 79
  }
}